atlanhq,camelot
jfzhang95,pytorch-deeplab-xception
jamesmawm,High-Frequency-Trading-Model-with-IB
crownpku,Information-Extraction-Chinese
tebelorg,RPA-Python
experiencor,keras-yolo3
fossasia,susi_linux
toandaominh1997,EfficientDet.Pytorch
fossasia,susi_api_wrapper
hexiangnan,neural_collaborative_filtering
crownpku,Rasa_NLU_Chi
nsoojin,coursera-ml-py
abdulfatir,twitter-sentiment-analysis
nutonomy,nuscenes-devkit
alyssaq,face_morpher
jatinshah,ufldl_tutorial
zisianw,FaceBoxes.PyTorch
jfzhang95,pytorch-video-recognition
edwardsamuel,Wilayah-Administratif-Indonesia
declare-lab,conv-emotion
antoinelame,GazeTracking
Garvit244,Leetcode
shivam5992,textstat
fossasia,susi_python
nutonomy,second.pytorch
fossasia,susi_speech_server
cypw,DPNs
xiangwang1223,knowledge_graph_attention_network
iojw,socialscan
jasonstrimpel,volatility-trading
xiangwang1223,neural_graph_collaborative_filtering
rizkiarm,LipNet
arjo129,uSpeech
lyndonzheng,Pluralistic-Inpainting
PengBoXiangShang,SiamRPN_plus_plus_PyTorch
terryyin,translate-python
hexiangnan,neural_factorization_machine
mammothb,symspellpy
jamesmawm,Mastering-Python-for-Finance-source-codes
hexiangnan,attentional_factorization_machine
declare-lab,MELD
KinWaiCheuk,nnAudio
fossasia,speech_recognition
SenticNet,personality-detection
twangnh,Distilling-Object-Detectors
rish-16,gpt2client
EndlessSora,DeeperForensics-1.0
lijx10,SO-Net
ivicanikolicsg,MAIAN
ruidan,Unsupervised-Aspect-Extraction
corollari,linusrants
techbanca,coinai
Wangt-CN,VC-R-CNN
hungpham2511,toppra
abdulfatir,ZipBomb
abhimishra91,insight
Andrew-Qibin,SPNet
Andrew-Qibin,DSS
ACCLAB,DABEST-python
jymcheong,AutoTTP
csyhhu,Awesome-Deep-Neural-Network-Compression
PengBoXiangShang,multigraph_transformer
crownpku,Somiao-Pinyin
IsaacChanghau,neural_sequence_labeling
liruoteng,OpticalFlowToolkit
rish-16,sight
alyssaq,3Dreconstruction
hexiangnan,adversarial_personalized_ranking
WorksApplications,SudachiPy
jfzhang95,DeepGrabCut-PyTorch
liuziwei7,voxel-flow
ZwwWayne,mmMOT
Yaoshicn,decaptcha
doubledaibo,drnet_cvpr2017
sumuzhao,CycleGAN-Music-Style-Transfer
braedon,prometheus-es-exporter
chg-hou,EnMicroMsg.db-Password-Cracker
FSecureLABS,captcha22
plkmo,BERT-Relation-Extraction
zihangJiang,DR-Learning-for-3D-Face
Ron89,thesaurus_query.vim
chandulal,airflow-testing
lyndonzheng,Synthetic2Realistic
iCHAIT,moviemon
nusnlp,mlconvgec2018
namco1992,voicetools
yewzijian,3DFeatNet
cedrickchee,capsule-net-pytorch
soujanyaporia,multimodal-sentiment-analysis
nusnlp,nea
cypw,MXNet2Caffe
TaipanRex,pyvisgraph
WING-NUS,sequicity
chiayewken,bert-qa
baoshi,CubeMX2Makefile
Minyus,causallift
hyqneuron,pytorch-avitm
privacytrustlab,ml_privacy_meter
pqhieu,jsis3d
FerryYoungFan,FanselineVisualizer
ruidan,Aspect-level-sentiment
allanj,pytorch_lstmcrf
lijx10,USIP
vinojjayasundara,textcaps
Matheus-Garbelini,sweyntooth_bluetooth_low_energy_attacks
MLDroid,graph2vec_tf
chaitjo,personalized-dialog
crownpku,text2vec
ShuhuaGao,gpFlappyBird
soujanyaporia,aspect-extraction
RatulSaha,leetcode
yoshall,GeoMAN
donydchen,ganimation_replicate
jiexunsee,rudimentary-ai-composer
LahiruJayasinghe,RUL-Net
yewzijian,RPMNet
Minyus,pipelinex
ilija139,HORD
wywongbd,pairstrade-fyp-2019
jamesmawm,IB-Trading-Models-And-Backtester
chaitjo,graph-convnet-tsp
zhanghanduo,yolo3_pytorch
Computational-Camera,Kaggle-CVPR-2018-WAD-Video-Segmentation-Challenge-Solution
songyanho,Reinforcement-Learning-for-Self-Driving-Cars
NieXC,pytorch-ppn
liruoteng,HeavyRainRemoval
liuziwei7,aerial-recognition
plkmo,Bible_Text_GCN
charulagrl,data-structures-and-algorithms
NieXC,pytorch-mula
declare-lab,contextual-utterance-level-multimodal-sentiment-analysis
ShuhuaGao,geppy
nusnlp,amanda
Henry-bee,TradingTensors
lizi-git,ASNE
wudaown,yandeDL
AIWintermuteAI,aXeleRate
linhdvu14,vggvox-speaker-identification
chamburr,modmail
kianweelee,Edator
henryhungle,MTN
coldmanck,fast-rcnn
ruidan,IMN-E2E-ABSA
alyssaq,hough_transform
xiangwang1223,kgpolicy
chaneyddtt,Generating-Multiple-Hypotheses-for-3D-Human-Pose-Estimation-with-Mixture-Density-Network
nanguoshun,LSR
benjaminheng,interfacelift-downloader
utsavgarg,tensorflow-classification
maxlorenz,Simple_NN
benjamintanweihao,YOLOv3
thien94,vision_to_mavros
declare-lab,dialogue-understanding
DerekChia,word2vec_numpy
XinyiZ001,CapsGNN
FerryYoungFan,SimpleTextMontage
nusnlp,m2scorer
tntrung,gan
FerryYoungFan,FanselineImageToolbox
braedon,prometheus-kafka-consumer-group-exporter
zackhsi,venmo
williamyang1991,TET-GAN
franklingu,leetcode-solutions
declare-lab,CASCADE
nusnlp,PtrNetDecoding4JERE
KunZhou9646,emotional-voice-conversion-with-CycleGAN-and-CWT-for-Spectrum-and-F0
chaneyddtt,Convolutional-Sequence-to-Sequence-Model-for-Human-Dynamics
Na-Z,sess
abdulfatir,pyANPD
liqilei,GMFN
plkmo,NLP_Toolkit
khanhhhh,tiny-yolo-tensorflow
goodmami,penman
zyxar,Sublime-CMakeLists
csyhhu,L-OBS
coldmanck,show-attend-and-tell
chaitjo,lstm-context-embeddings
rctay,sublime-text-2-buildview
jetnew,COVID-Resource-Allocation-Simulator
chaitjo,character-level-cnn
aasharma90,UnprocessDenoising_PyTorch
hzjken,crypto-arbitrage-framework
yxtay,char-rnn-text-generation
HuangJunye,QPong
donydchen,FMPN-FER
xiangwang1223,disentangled_graph_collaborative_filtering
shanesoh,deploy-ml-fastapi-redis-docker
fyr91,face_detection
deyixtan,slt-patcher
andompesta,ComE
gsartoretti,distributedRL_MAPF
WING-NUS,Neural-ParsCit
snguyenthanh,better_profanity
hzjken,multimodal-transportation-optimization
hongxin001,JoCoR
jiayaoqijia,OblivP2P-Code
xuchenglin28,speaker_extraction
MLDroid,drebin
chaitjo,regression-stock-prediction
PengBoXiangShang,MobileNetV3_PyTorch
Ze-Yang,Context-Transformer
rionaldichandraseta,facifier
architdate,drivedl
Vectorized,Python-KD-Tree
billstark,receipt-scanner
almightyGOSU,ANR
wudaown,177DL
PlatyPew,Digispark-Duckduino
shivsahni,NSBrute
sammous,spacy-lefff
trinity-project,trinity
ysyscool,SGDNet
clarencecastillo,alfred-powerthesaurus
IsaacChanghau,Dense_BiLSTM
ardydedase,cookiecutter-pypackage
ritchieng,wideresnet-tensorlayer
fyr91,face_recognition
jiewwantan,StarTrader
fterh,sneakpeek
entropicalabs,entropica_qaoa
wudaown,konachanDL
sidml,Understanding-Centernet
cedrickchee,realtime-detectron
nusnlp,neuqe
caizhongang,waymo_kitti_converter
csyhhu,MetaQuant
NieXC,pytorch-pil
ruidan,DAS
Stream-AD,ExGAN
plkmo,AlphaZero_Connect4
ritabratamaiti,RapidML
nusnlp,crosentgec
SenticNet,IARM
primasio,pst-batch-transfer
Wangt-CN,MTFN-RR-PyTorch-Code
zhongpeixiang,KET
lijx10,NN-Trees
WING-NUS,SG-Deep-Question-Generation
doc-doc,vRGV
KunZhou9646,Speaker-independent-emotional-voice-conversion-based-on-conditional-VAW-GAN-and-CWT
melynx,taintinduce
MLDroid,subgraph2vec_gensim
Andrew-Qibin,PoolNet
lenguyenthedat,kaggle-for-fun
ISS-Kerui,Bus-Driver-Behavior-Detection
yxtay,recommender-tensorflow
Matrixeigs,energy_management_system
Yusufma03,pfrnns
jiangzhubo,Resnet_hekaiming
shivam5992,language-modelling
ritchieng,NumNum
axiros,gevent_snmp
abhinavkashyap,sciwing
jiexunsee,Simple-Inception-Transfer-Learning
crownpku,Chinese-VQA
flectra-hq,flectra
phquang,OnlineDeepLearning
narasimhaprasad,StockPy
qtangs,sagemaker-notebook-container
tntrung,msgan
atinghosh,VAE-pytorch
vsuriya93,Deep-Learning-for-Graph-Representations
BII-wushuang,Lie-Group-Motion-Prediction
MoonshineSG,Simplify3D-to-OctoPrint
Nasdin,VideoRecognition-realtime-autotrainer-alerts
PengBoXiangShang,EdgeMap345C_Dataset
hexiangnan,theano-BPR
declare-lab,kingdom
lppier,Recommender_Systems
remykarem,mixed-naive-bayes
jamesmawm,Options-Modelling
ritchieng,resnet-tensorflow
henryhungle,NADST
Jiang-Muyun,Open3D-Semantic-KITTI-Vis
yoshall,UrbanFM
zwm0426,combine-word-listening
StevenLOL,AbTextSumm
GoekeLab,xpore
SenticNet,hfusion
leonarduschen,pyfinmod
nghenglim,database_benchmark
LahiruJayasinghe,machine-failure-detection
allanj,neural-partialCRF
xiangwang1223,neural_social_collaborative_ranking
terra-project,research
nedlowe,gremlin-python-example
feidong1991,aes
jenniyanjie,successful-algorithmic-trading
LahiruJayasinghe,DeepDOA
carlohamalainen,pysecd
architdate,PSARipper
jasonyip184,yolo
chaitjo,markowitz-portfolio-optimization
Gabrock94,Pysiology
KunZhou9646,Singing-Voice-Conversion-with-conditional-VAW-GAN
jymcheong,SysmonResources
zhongpeixiang,RGNN
sushinoya,ggpy
soujanyaporia,contextual-multimodal-fusion
lenguyenthedat,minimal-datascience
nusmodifications,nus-exams-downloader
CSB5,CaDRReS
nginyc,rafiki
ottermegazord,mit6867
channeng,celery-scheduler
rish-16,Network-Optimisation
vdt,deepdrive
wrfly,captcha_verify
eugeneyan,testing-ml
nxphi47,tree_transformer
jkschin,svhn
TaipanRex,visgraph_simulator
twangnh,Distilling-Object-Detectors-Shuffledet
vwz,ComE
csyhhu,L-DNQ
abdulfatir,gan-metrics-pytorch
cxjdavin,tgchessbot
zjfheart,Friendly-Adversarial-Training
akomba,ethercards_printer
nguyenhuyanhh,nlp_speech
algoprog,Quin
fourjr,rainbot
gangeshwark,Attention_Based_LSTM_AspectBased_SA
shivam5992,aster
binhnguyennus,football-tracking
MoonshineSG,Octoprint-Filament
jiangzhubo,cnn_models
SuyashLakhotia,TextCategorization
eugeneyan,recsys-nlp-graph
atlanhq,airflow_blog
SenticNet,context2vec
jimmy-ly00,dirlister
MaxGoh,Flask-GraphQL-Graphene-MySQL-Docker-StarterKit
gplhegde,theano-xnor-net
gaqzi,gocd-cli
MLDroid,subgraph2vec_tf
jiexunsee,Neural-Network-with-Python
hassanabidpk,pyconkr2017
Lucas170,Interactive-brokers-python-native-api-guide
ninja-van,airflow-boilerplate
gis-rpd,pipelines
nusnlp,nbest-reranker
buds-lab,simple-building
keshik6,KITTI-2d-object-detection
WenjieWWJ,VHRED-implementation-in-Tensorflow
sk-aravind,3D-Bounding-Boxes-From-Monocular-Images
vijeth-aradhya,celery-priority-tasking
gaqzi,py-gocd
jetnew,DrFAQ
Ravi-Singh88,Face-Recognition-OpenCV-Facenet
littleblakew,UR_kinematics_solver
shuyao95,Understanding-NAS
caizhongang,MessyTable
aekpalakorn,python-backbone-network
ardydedase,amadeus-python
DtCarrot,sg-food-ml
xuchenglin28,speech_separation
bdqnghi,hierarchical-programming-language-mapping
bdqnghi,ast-node-encoding
askerlee,lapstyle
AIWintermuteAI,transfer_learning_sipeed
dolaameng,udacity-SDC-baseline
shahriyarj,Noroi
lijx10,rot-equ-net
NExTplusplus,NeuRec
Elvenson,midiMe
shuyao95,kddcup2019-automl
crquan,work-on-sony-apis
gpailler,AtlassianBot
SomeoneDistant,Lightweight-Face-Recognition
Ev3rlasting,pyFP-Tree
hzjken,HFT-price-prediction
zmonoid,mxasyn
SJ-byte,Market-Neutral-Model
victorneo,git_python_sept14
declare-lab,dialog-HGAT
SenticNet,sentic-lstm
cenit-io,odoo-integrations
Wentong-DST,attn-gan
nikhilraghava,ML-Antivirus
vwz,AGE
kmonsoor,awesome-pelican
ZhangLeUestc,VideoReid-TPAMI2020
AIWintermuteAI,Yolo-digit-detector
rmdort,spellchecker
IsaacChanghau,AmusingPythonCodes
shivam5992,dupandas
DISMGryphons,GryphonCTF2016-Challenges
LARC-CMU-SMU,ACME
axiros,nested_encode
alanchn31,Movalytics-Data-Warehouse
alvinchangw,JARN_ICLR2020
ysyscool,DINet
jefferyYu,TomBERT
Minyus,optkeras
jiayouwyhit,deepdrawing
askerlee,topiccloud
aalind0,OpenCV-Anime-Face-Detector
crownpku,Geetest-Captcha-Crack
nxphi47,data_diversification
KimChwee,Fall-Detection-Py-Raspberry
RobinSeaside,Solution-meinian-disease-risk-prediction-1st-in-round1-14th-in-round2
lzuwei,ip-avsr
amiyapatanaik,tensorflow-serving-docker-image
LLcoolNJ,HackerRank-Solution
sumuzhao,CycleGAN-Music-Style-Transfer-Refactorization
hzjken,character-network
khooi8913,daily-interview-pro
hyqneuron,dsc_gan
xlanor,CryptoKitties
Marsrocky,Emotiw-Engagement-Prediction
wyf0912,LDDG
baoshi,ST2Makefile
jasonstrimpel,covshrink
chaitjo,structured-self-attention
crownpku,aiml_chatbot
datature,discolight
smucclaw,complaw
nusnlp,c2e-mt-benchmark
SenticNet,multimodal-sentiment-detection
cenit-io,odoo-cenit
MoonshineSG,OctoPrint-MultiColors
nikv96,AutonomousPrecisionLanding
Nasdin,Good-Tech-Companies-Singapore
Yusufma03,DPFRL
HandsomeBrotherShuaiLi,PFMonitor
coldmanck,CS5242-Neural-Network-and-Deep-Learning-Assignments
cedrickchee,pytorch-serving
iCHAIT,Elliptical-Curve-Cryptography
SenticNet,concept-parser
weilheim,EEG
LokLu,Tensorflow-data-loader
theidentity,Unets
zhexxian,From-Machine-Learning-To-Zero-Day-Exploits
nitobuendia,oura-custom-component
fxing79,ibaa
minhhn2910,process-monitor
AlexBinder,LRP_Pytorch_Resnets_Densenet
zhanglongqi,TornadoAJAXSample
cmatthewbrooks,pyiocutils
hayorov,ethereum-sync-metrics
SJ-byte,Deep-Learning-For-Finance
Yaoshicn,DeepLearningFlappyFrog
jiexunsee,Deep-Watkins-Q-and-Actor-Critic
cedrickchee,ssd-yolo-retinanet
IsaacChanghau,VSLNet
PengBoXiangShang,SiameseX.PyTorch
benjamintanweihao,yolo-webcam
entropicalabs,polyadicQML
declare-lab,MISA
cloudflare,GHC-Errbot
yashiro32,speech_recognition
zeyu2001,quarantine-bot
jiawei-ren,BalancedMetaSoftmax-Classification
mengfeng,zths
LinShanify,HeatMap
xlanor,matilda
HiiYL,BEGAN-PyTorch
ddddwee1,Octave-Convolution
HandsomeBrotherShuaiLi,ThaiAddressParser
Andrew-Qibin,ssdlite-pytorch-mobilenext
alyssaq,timeseries
radjkarl,imgProcessor
nathando,erpnext-opencart-api
shenwanxiang,sklearn-post-prune-tree
liuhh02,python-telegram-bot-heroku
fxgsell,GG-Edge-Inference
jinwei908,BeeLogger
YipingNUS,slpa-py
solomonbstoner,solomonbston3r-ctf-diary
jefferyYu,UMT
xman,sgpositpy
vwz,SPE
yi-jiayu,telegrammetry
ddddwee1,sul
bdqnghi,graph-ast
winnerineast,CNNChineseClassifyer
joel-huang,zeroshot-capsnet-pytorch
MLDroid,csbd
jin,create-bazel-workspace
MaxPoon,Leetcode
hexiangnan,CoNMF
declare-lab,MIME
nusnlp,MFA4RE
nusnlp,contextemb-wsd
weishenho,SAGAN-with-relativistic
johncai117,Meta-Fine-Tuning
divishdayal,Attentive_LSTM_question-answering
gabrieltanhl,OCR-Telegram-Bot
Yifan122,DelayAttackDemo
rishiabhishek,document-image-classification
walton-wang929,Color_Recognition
Wentong-DST,self-critical
adriangohjw,NTU_CompSci
keshik6,deep-image-retrieval
ReservoirSimulator,ExcelPySim
Garvit244,Shapefile_to_Network
vwz,ProxEmbed
trichimtrich,bashfuck
shamilcm,m2scorer
MahmoudAbdelRahman,-ANT-
joelowj,ttrpy
IsaacChanghau,SequenceToSequence
larksuite,feishu
edesmars,btAnalyzer
CSB5,INC-Seq
zzyclark,Image-Reflection-Removal
mollymr305,mnist-mc-dropout
PluviophileYU,CVC-QA
ruffyleaf,py-crisp
cameronleong,avalon
shenshutao,image_classification
keshik6,pascal-voc-classification
sammmlow,LEOGPS
alvinchangw,IGAM_CVPR2020
zonito,PyAnalytics
thngkaiyuan,download-accelerator
yc930401,Transition_based_dependency_parsing-pytorch
yc930401,Actor-Critic-pytorch
returnandrisk,meucci-python
LinShanify,CMC
ThomasWangWeiHong,Shadow-Detection-Algorithm-for-Aerial-and-Satellite-Images
xlanor,SIM-UoW-Timetable-bot
vwz,topolstm
bdqnghi,SAR_API_mapping
devinalvaro,yachess
aalind0,NLP-Sentiment-Analysis-Twitter
coldmanck,zero-shot-indoor-localization-release
SuyashLakhotia,RossmannStoreSales
CSB5,GERMS_16S_pipeline
OpenSUTD,sutdobfs
rsykoss,rasa-chatbot-webchat-deployment
asokratis,python-currency-anywhere
abshkd,malware
ISS-Kerui,warp-image-TPS
cytham,nanovar
sammmlow,ORBITM
zcsd,ShapeMatching
gnosis-agora,stanford_cs246
tsingqguo,efficientderain
jeffsieu,py-sudoku
sibosutd,feature-distillation
aasharma90,RetinexNet_PyTorch
nossbigg,catechism-ccc-json
conanwhf,Rpi-envMonitor
kianweelee,SQLake
hussaintamboli,python-image-to-text
ThomasWangWeiHong,Pansharpening-by-Convolutional-Neural-Network
Jiang-Muyun,Keras_Model_Wrapper
notha99y,Satellite-Scheduling
imshyam,ComIt
ddddwee1,Robomaster_NTU_2018
HandsomeBrotherShuaiLi,ImageCluster
HandsomeBrotherShuaiLi,3DUnet
raymondtay,m2query
baoshi,KiCad
ferrygun,AIFlowers2
csyhhu,Co-Prune
Ayrx,atriage
ejamesc,hacker-news-confidence
rish-16,Metroplex
Lucas170,Backtrader-Guide-AlgoTrading101
chaitjo,learning-paradigms-for-tsp
experiencor,BCCD_Dataset
mdda,colab_helper
crownpku,lstm_text_generation_chinese
ngoc-nguyen-0,DGG
marmotlab,PRIMAL2
nusnlp,corelm
e2fyi,argo-models
CSB5,shotgun-metagenomics-pipeline
axiros,axblack
basisai,bedrock-express
sakhanna,SRU_for_GCI
largecats,comics-ocr
GuoxiuHe,BIRD
foreversunyao,kafka-sniffer
li-s,Handwriting-recognition
rishiabhishek,ner-bilstm-cnn
evan176,TimeSeriesVectorization
walton-wang929,Height_Estimation
coranholmes,pt_chatbot
xysong1201,Image_Segmentation
ShenggaoZhu,midict
michaelcho,redberry
emadeldeen24,face-anti-spoofing
shenshutao,image_segmentation
mapattacker,toto
alistairong,MyFaceSwap
lirc572,nafuture-zxn1-resources
thngkaiyuan,mynaim
chaneyddtt,weakly-supervised-3d-pose-generator
paullo0106,stocktw
yxtay,text-classification-tensorflow
ninest,notipy_osx
jymcheong,aptc
HiiYL,AttentiveVQA
zisianw,WIDER-to-VOC-annotations
Yusufma03,CVRL
1989Ryan,Fuzzy-Control-Project
chrisgzf,nus-temp
Greenwicher,BiblioPy
antran89,extract-video-frames
AIWintermuteAI,maixpy-openmv-demos
Shuailong,StockPrediction
Shuailong,SentenceClassifier
WaiYanNyeinNaing,Real-Time-Emotional-Recognition-with-Deep-Learning
bensadeghi,Databricks-DataScience-Titanic
SuyashLakhotia,ContextNewsBot
abdulfatir,pyBlur
IsaacChanghau,bert_classification
HuaizhengZhang,BP_GA_stock
jfzhang95,Water-Table-Depth-Prediction-PyTorch
mdda,ConciseGreedyDependencyParser-in-Scala
SonareOrganization,SonaAIv1
favoritemedium,sso-lambda
vickyboy47,nms-python
RichieLee93,Relation_Extraction_NLP
yaochie,multimodal-baselines
chinchon,python-tableau-tde
Jordan396,Twitter-Sentiment-Analysis
walton-wang929,Object_Detection
GervasioCalderon,code-cropper
radjkarl,dataArtist
emman27,asian-option-pricing
jensenloke,python3-Python-Classes-and-Inheritance
bbodin,turbine
ttrifonov,zmqssl
lzuwei,end-to-end-multiview-lipreading
theidentity,Improved-GAN-PyTorch
zen-juen,AutoRemind
skylander86,ycml
skylander86,uriutils
Dhivin,5-DOF-ARM-IN-ROS
agravier,actmon
liqilei,RCGAN
liqilei,DRUDN
woo-chia-wei,traffic-fuzzy-control
ThomasWangWeiHong,Water-Body-Extraction-from-Very-High-Spatial-Resolution-Remote-Sensing-Data-Based-on-FCNs
zoezou2015,PunLocation
kvtoraman,Screenplay
MoonshineSG,OctoPrint-Switch
MoonshineSG,OctoPrint-Sound
Jiang-Muyun,PointNet12
clarencecastillo,NTUOSS-TelegramBotsWorkshop
ninest,craftpainting
phektus,cvstash
rctay,satchmo
ankurs,yad
bdqnghi,treecaps
zhongpeixiang,PEC
ooibc88,modelslicing
StevenLOL,DeepQA2
winnerineast,RecommendationSystem
tranlyvu,recommender
HeroKillerEver,SeqGAN-Pytorch
jiexunsee,New-Simple-Inception-Transfer-Learning
lenguyenthedat,dextra-mindef-2015
HuaizhengZhang,scene-recognition-pytorch1.x-tf2.x
jfzhang95,Chinese_Poem_Writer
sausheong,pynn
currentsapi,fastlangid
NExTplusplus,VidVRD-helper
SeedVault,rhizome
toasterco,apiai_assistant
FSecureLABS,bsides18_breakfree
WING-NUS,ResearchTrends
OpenSUTD,DDDDDDDDDD
ongyongzheng,cass
danlim-wz,flask_image_classifier
garygsw,twitter-crowd-flow-prediction
vinjk,3D_Medical_Imaging
EE-shawn,Pedestrian-Attributes
sandareka,Interpretability-of-Machine-Learning-Visualizations
franziz,artagger
ramvibhakar,basketball-analytics
flyingtango,DiGCN
wenchieh,eaglemine
timotheeg,nefarious
wayneyip,facify
ttrifonov,EventBrain
sibosutd,video-retrieval
PointerFLY,Pacman-AI
Vectorized,VoxNet-Tensorflow
Vectorized,Othello-AI
myrtleTree33,lego-mosaic
andompesta,ppo2
nylonee,telegram-pokego
DanielBok,muarch
kemingy,Plane
barnabemonnot,beaconrunner
vanzaj,tdd-pytest
ldkong1205,MSc-Dissertation
donydchen,ran_replicate
goodmami,pe
ritabratamaiti,Blooddonorprediction
ResByte,mtcnn-face-detect
whipermr5,rcmealbot
whipermr5,countmeinbot
kmonsoor,lektor-google-analytics
trichimtrich,turnproxy
zhongpeixiang,affect-rich-conversational-model
yunpengn,MultiAttrCNN
franklingu,comp-match
askerlee,vmfmix
fterh,rsg-retrivr
davidchua,seng_bot
aalind0,RL-Game-Bot
jamesmawm,Quantopian.com-Pairs-Trader
kloudsec,py-webkit2png-flask-api
nusnlp,namanda
SenticNet,aspect-extraction
checkout,checkout-sdk-python
CSB5,atminter
ccube85,Piecewise_Segmentation_Stock_Price
hqng,imm-pytorch
garygsw,smooth-taylor
pavaninguva,pde-Solver-Course
Xiaodong-Bran,MLFcGAN
yijunx,capaPlan
fangyu1006,Lightweight-Face-Detector-With-Landmarks
facerecog,wikimon
indra4837,yolov4_trt_ros
mauriciolp,inter-rel-net
xhlow,udacity-bikeshare-project
huyuanrong,CG3002-NUS-AY1718-Sem2-Grp1-
zjfheart,Robust-ResNet
BPYap,BERTSel
BPYap,BERT-WSD
yining043,SAC-discrete
japnitahuja,Machine-Learning-Research-2019
HarshVardhanSh,miniRotnet
kianhean,ShiokBot
chloeminkyung,MS_MARCOV2
dixantmittal,async-dqn
RizhaoCai,Learn-Convolutional-Neural-Network-for-Face-Anti-Spoofing
fukien,BiANE
vietexob,reinforcement-learning
LLcoolNJ,zip_cracker
wywongbd,autocluster
kk17,phonetic
aasharma90,NighttimeDepthandFlow
steamhyperpolyglot,CX-MachineLearning
charles-vdulac,japanese-content-engine
mauriceling,advancesyntoolkit
sammous,allenNLP_tagger
taixhi,wordblitz
dmitrime,convolutional-kanji
kemingy,ventu
yxtay,python-project-template
yxtay,glove-tensorflow
naseer2426,Three-Dimention-Rendering-Tk
naseer2426,Rubiks-Cube-Solver
khooi8913,p4-hashpipe
goodmami,python-parsing-benchmarks
gauravmm,DL2W
thdoan,enso-portable
remykarem,py2pddl
wyf0912,MIXALL
ResByte,HMM-occupancy_grid
Minyus,kaggle_nfl
fourjr,rawbot
kurniawano,libdw
andreas-wilm,compbio-utils
architdate,Sabotage
StevenLOL,tacotron-3
jatinshah,kaggle_criteo_ads
jasonyip184,SGTextGenerationLSTM
joel-huang,pascal-voc-2012
shamilcm,pedra
tlkh,rhh-2017-crowd-tracking
IsaacChanghau,CoTeaching
chaitjo,nn-classification-and-regression
mdda,rl-bubble-breaker
soilstack,react_diffuse
OlaSearch,qaclassifer
iMiffy,EM-vanishing-point
quekky,tvtime-plex-scrobbler
Xtra-Computing,OARF
OriginSport,community_bot
bigbagy,NLP-document-parsing-and-clustering
DEX-Company,starfish-py
DataKind-SG,test-driven-data-cleaning
WING-NUS,discoling
bryan-teng,portfolio-tracker
msdavid,i3autofloat
sachinpawar1990,Psychographic-Segmentation-Of-Consumer-Behaviors
sarise,Metropolis-Hastings-random-walk-and-re-weighted-random-walk
MaruGreen,robot-learning-kendama-game
suenwl,dr-net
weilheim,I3D-Pytorch
mrenoon,datafreezethaw
pakzan,Interapp
poryee,AutoTrading
rahulraina7,Naive-Bayes-Python
cezhang01,Adjacent-Encoder
Jordan396,S3-Compatible-Instagram-Scraper
Jordan396,JEN-stocktracker-bot
rajasekar-venkatesan,Progressive_Multiclass
Yifan122,NetworkCompress
bongnv,sublime-go
amitthk,kubejencdp-py
RoyalSkye,Image-Caption
ayush--jain,AI
chenmin1107,cs6244_motionplanning
wangyongjie-ntu,Learn-to-pay-attention
eleow,Gesture-Recognition-and-Control
cnhan13,GliomaClassification-TensorFlow
sakshiudeshi,Aequitas
animeshprasad,Glocal
zhixiangli,alphagomoku-zero
FlankMe,player-ConvNN
FlankMe,general-gym-player
tonylpt,NUS-VideoStreaming-Server-Flask
kevinguitar,PlaceExtractor
SayHiRay,malware-detection
guillaumeteillet,watchingnantes
radjkarl,fancyWidgets
necramirez,SublimeLinter-contrib-htmllint
kianhean,telegrambotawslambda
emansih,hacked-google-assistant
AishwaryaSivaraman,COMET
liuhh02,food-waste-bot
heyhujiao,speechlab-aims-kaldi-aks
sunjerry019,photonLauncher
tkbky,amazing_printer
dixantmittal,fast-rrt-star
orange90,spam_mail_machine_learning
alvinchangw,CARA_EMNLP2020
metabaron,Gomiso-XBMC
WenjieWWJ,DenoisingRec
Reine0017,pyFlaskOpenCV
xingzhaolee,pedestrian-attribute-recognition-lightning
kapilkchaurasia,Music-recommender
hari-allamraju,pycon-2014
Dhivin,Husky-with-custom-arm
nitobuendia,hue-sync-box-custom-component
vaisaghvt,CheckTypos
agravier,chromarch
laneboysrc,LPC81x-ISP-tool
dmitrime,kaggle-GiveMeSomeCredit
eamonustc,geodistance
yc930401,SGbot
SamsonYuBaiJian,video-interpolation
hussaintamboli,python-salesforce-client
prasanna-in,IronSAP
letuananh,intsem.fx
ashiswin,Destiny-2-Game-of-Life
ToxicWar,reDoodle
hyqneuron,rica
fsuarez6,labrob
gsartoretti,Deep-SEA-Snake
redglassli,Ros-Formation-and-Obstacle-Avoidance
cmatthewbrooks,r2pyutils
Na-Z,PS-2Net
hayorov,ororo2leo
jymcheong,mutateEXE
zihangJiang,GrabCut
HiiYL,WGAN-GP-PyTorch
isovic,aracon
vwz,D2AGE
ddddwee1,MMD_3D_POSE_Converter
trichimtrich,libcsymbolcollection
tonghuikang,codecomp
desmondyeoh,send-email
desmondyeoh,Google-Online-Challenge-solutions
franklingu,proxypool
AIWintermuteAI,jetspider_demos
yjwong,cherami
flyfy1,dotFiles
jin-zhe,language-detection
jiangzhubo,Violence_detection_real-time-lisa-caffe
rish-16,CatGAN
SuyashLakhotia,RottenTomatoesCNN
jin,rules_eta
JNYH,DataCamp_Machine_Learning_with_Tree-Based_Models
HuaizhengZhang,PyTorch-Object-that-Sounds
chaitjo,NTUOSS-MachineLearningWorkshop
chaitjo,mnist-cnn-autoencoder
jfzhang95,lightML
TranslateForSG,translateforsg-backend
AISKhalil,AStra
TUMCREATE-ESTL,cobmo
shubhanshu786,productionize-flask
eddiegoh,sequence_classification
sanketkshah,NeurADP-for-Ride-Pooling
David-xyf,CPPI-TIPP
iMiffy,dynamic-malware-analysis
leonardltk,Speech-Enhancement-Using-Time-Domain-Loss
nushosilayer8,pwn
Kpler,scrapy-datadog-extension
Merium88,Edge-Aware-PointNet
NTU-CCA,EE7207
nusnlp,LIF
nusnlp,gecmetrics
org-arl,dronesim
axiros,graphite-api-finders
WING-NUS,PyTorchCRF
jayjaynandy,RBF-CNN
hqng,crfasrnn-pytorch
tamhd,MultiMT
thanhtinhvan,Emotion-recognize
czming,RONELD-Lane-Detection
vinjk,Augmented_Reality
dao-duc-tung,Qml-VTK-Python
akshu281,Brain-MRI-Segmentation-using-UNET
VictorZoo,FCTP-Net
E666GT,TrafficPredictionNN
E666GT,KUKA_IIWA_System
rajbharat,PoseNet-V2V-Pytorch1.0-Win10
Cheejyg,Genetic-Algorithms-for-Swarm-Parameter-Tuning
siddharthdeshmukh,EEG-clasification-with-Deep-learning
jaabberwocky,kafka-python-example
im-tkc,SubtitleConverter
hangcheers,DailyPractice
Kishor2012,QML_Journal_Club
zeyu2001,pychat
vyzuer,ALTReco
ivanchoo,TracWikiSync
rahulnatarajan,kubernetes-advanced
PaulZhangIsing,cryptocurrency.backtester
GarciaDelMolino,contextual-event-segmentation
animeshprasad,science_ie
FlankMe,tictactoe
ISS-Kerui,Interspecies_Knowledge_Transfer_for_Facial_Keypoint_Detection_Pytorch
Ze-Yang,GPU-Monitor
nychng,learn-varnish
nishantdania,3d-auv-simulator
oreh,simpletcd
AahanSingh,Capsule-Networks
felixputera,gensim_sum_ext
NerdToMars,Fringe-pattern-denoising-based-on-deep-learning
e-tinkers,bikeroute
imnnquy,algorithm-training
philoinovsky,USACO-Traning-Python3-Solution
hweiguang,rpi-rfcomm-server
txrc,PyTorch-DeepLab-Berkeley
dixantmittal,Navigation-DQN
amiyapatanaik,pycfslib
metabaron,Gomiso-Python
AishikNagar,CartPole-AI
zhexxian,SUTD-Artificial-Intelligence
jibinmathew69,VideoClassifier-CNNLSTM
jibinmathew69,image-segmentation-keras
mapattacker,ArcGIS-BatchMergeShp
nossbigg,fyp_py
michjk,Question_Classifier_Pytorch
nitobuendia,yaml-custom-components
DanielBok,scify
minhhn2910,fpPrecisionTuning
taixhi,snapchat-data-viz
taixhi,kanji_frequency
dmitrime,interviewing-python-book
dmitrime,image-segmentation
yc930401,timeseries_prediction_LSTM
NIRVANALAN,magnifiernet_reid
SamsonYuBaiJian,actionet
fcbond,ind-pos
steelwolf180,expanses_manager
MoonshineSG,OctoPrint-Autoscroll
letuananh,pysemcor
letuananh,chirptext
iqDF,Pytorch-Dynamic-TSN
raynoldng,nusmods-planner
blair101,DeepLearning
lechat,jenkinsapi
nikv96,OpenCV-Workshop
nikv96,Circle-And-Line-Detection
mocmeo,crawler_scripts
redglassli,ROS-formation-and-attacker
guptajay,Quantum-Warehouse
guptajay,NTUOSS-ReinforcementLearning
TheodoreKrypton,simu-data-catcher
goodmami,toolbox
xav-b,pyconsul
ResByte,imfeatures
isovic,consensus_from_mpileup
whipermr5,biblegatewaybot
rctay,bloggart
laurenceputra,mongo_notebook_manager
yi-jiayu,nlbsg
ddddwee1,TorchSUL
kmonsoor,embedX
kmonsoor,Bangladeshi-StackOverflow-rockers
HandsomeBrotherShuaiLi,National-University-Student-Statistical-Modeling-Competition
kurniawano,pythymiodw
StevenSLXie,LeetCode
StevenSLXie,CSMA-Simulator
adylanrff,job-under-280
architdate,OPTCInfographic
Shuailong,RLQA
Shuailong,BlamePipeline
allanj,StatNLP-PyTorch
jetnew,symbolic-function-approximator
sampoder,whats-their-mood
horychen,ACMDesign
reachtarunhere,S-LSTM-PyTorch
jiangzhubo,extract_optical_flow
ejamesc,sgbeat-scraper
rish-16,Hringhorni
rish-16,Audily
cedrickchee,neural-network-in-13-lines
grassjelly,robo_tictactoe
natbusa,datafaucet
tlkh,fake-news-web-api
SuyashLakhotia,SpellCheck
lenguyenthedat,gmail-plot
zwliew,9597-a-level-computing
jianchao-li,deep-learning
chaitjo,Perceptron
jfzhang95,TV_Segmentation
shivam5992,spellbee
shivam5992,pywordcloud
mdda,worldtree_corpus
mdda,EEG-Theano
mdda,deep-learning-models
hexiangnan,Neural-Attentive-Item-Similarity-Model
marmotlab,ForMIC
mohikhsan,ultrasound-dl
TUMCREATE-ESTL,fledge
thiery-lab,data-assimilation
SudoFoundry,Granite
MIGG-NTU,MIG_Docs
iMiffy,viterbi-cv
iMiffy,color_transfer
iMiffy,adversarial-min-max
leonardltk,Shazam-An-Industrial-Strength-Audio-Search-Algorithm-
Block5d,block5-rvt-py
MrWaterZhou,ETM_tf
ziyao002,CE7490-RAID6
hongkahjun,bert_finetune_getembed
PanjunWDevin,Python-Heat-Equation-ImplicitFDM
holistics,holistics-python
NTU-CCA,EE7403
cogenda,PaperFS
SenticNet,semantic-vine-growing
trinity-project,trinity-gateway
e2fyi,kfx
basisai,churn_prediction
WING-NUS,WordNews
WING-NUS,slsql
WING-NUS,sciwing
danlim-wz,bert_article_sentiment_analysis
footprintzero,foodwall
thomeou,audio_streaming_using_pyaudio
Eandrejczuk,3DbinPackingAlgorithm
tanchangsheng,covid19-search-and-qa
kohjiaxuan,Wikipedia-Article-Scraper
LiuYuancheng,RailWay_PLC_Control
SJ-Ang,PyTUN
syltruong,sklearn-gae-sample
ngjunsiang,hypy
psmishra7,abstractive_summarisation
yashiro32,audio_signal_processing
hxssgaa,deepcode
dhlong,CarND-Capstone
dkleftogi,cfDNA_AnalysisPipeline
nitinvwaran,Hierarchical-Attention-Network-Quora-Insincere-Questions
santhoshraje,kubera
xjp99v5,Threat-Analysis-for-Smart-Cities
nxphi47,eye_gesture_app_wth
fangyu1006,face-antispoofing-ir
shantanuj,TC-LSTM-LeftRight-
aethersg,rick-morty-python-api
e0397123,D-score
UmaSangumathi,FluLINE
oentaryorj,crossact
Leekwanmeng,Credit-Approval-Models
simran001,GeoPython-Workshop
ElasticBottle,3sigma
kiennt23,zi_dct0
yankai364,Object-Detection-Flask-API
Elvenson,piano_transformer
ngrilli,Neper2CAE
dhananjaisharma10,Model-based-Reinforcement-Learning
duckness,VGMdBeets
MichaelLisboa,instagram-drf-python-social_auth-react
languantan,vpn-start
deepspike,snn-for-asr
walton-wang929,Image_Classification
cthtuf,dramatiq-tasks-manager
WUMUXIAN,microservices-infra
cumulus13,ctrfoobar2000
leonth,bulk-download-quandl
cxjdavin,thresholdsecretsharing
vyzuer,view_point
TangHan54,auto-modelling
danrugeles,DT2B
diansheng,12306_ticket_query
ianlimle,Personal-Protective-Equipment-Detection
xuyu0010,ARID_v1
wyzh98,FrozenLake_NUS
afmurillo,FlowFence
amanda-wee,python-mailchimp
cameronleong,guesstheword
laisee,rektbitmex
robotlinker,robotlinker_core
kadir,pyluhn
kangtinglee,reinforcement-learning
tehtea,dcscn-super-resolution
ISS-Kerui,Diabetic-retinopathy-detection-system
radjkarl,appBase
schliffen,Deep_Reinforcement_Learing-imitation-learning-from-observation-
fyr91,sc2env
Gabriel-Huang,DACNN_release
Silverneo,pylearn
nayakt,Answer-Sentence-Selection
getnpk,Hadoop-Recipes
jamesandrewpohadi,pix2pixHD
oreh,thrift_hive_metastore
tsailiming,openshift4-vmware-upi
shenwanxiang,SFE
motethansen,dba-scraper
jensenloke,python3-functions-files-dicts
shingkid,base-location-optimization
axiomiety,otw
hendychua,scrapy-livingsocial
lyzs90,minimal-blockchain
channeng,flurry-python
ishangirdhar,burp-git-bridge
alanwuha,torchemotion
alanwuha,cs4347-time-domain-features-extraction
asl97,ch.py
vinojjayasundara,treecaps
katnoria,unityml-tennis
katnoria,ddpg-reacher
theidentity,Ensembling_Techniques
aekpalakorn,crowdsourced-label-aggregator
bitsoal,VASP_HTC_framework
fainyang,EE_Project
dixantmittal,numpy-neural-network
songshan0321,ros-ssd-tensorflow
weihao94,BUSU-Net
WenjieWWJ,Pytorch_Seq2seq
vivekkalyan,metascrapy
agrimsingh,realLifePokedex
sumuzhao,Ischemia-Classification
gaow0007,Normalization-Benchmark
tanyouliang95,robot_manipulator_control
liurnd,Tcp-DNS-proxy
jibinmathew69,RecruitmentBot
khigia,gitstats
jonathanlimsc,ds-docker-tutorial
sjbylo,flask-vote-app
o92,xlrd-nameSalary-demo
zhixinma,TreeLSTM
shirkey,spacepaste
nylonee,meetup-scraper
JunrQ,gbnas
nusfintech,Machine-Learning-Projects
Jh123x,Orbital
szenius,protein-ligand-model
Airine,monopoly_assets
eamonustc,est_azimuth
yc930401,fruits_classification
kunmishra2599,NTUOSS-ScientificProgramming
ThomasWangWeiHong,Morphological-Building-Index
DmitryBe,muigi
benjaminheng,python-multi-wallpaper
josesho,bland_altman
juchengquan,SCENREDPY
barnabemonnot,lighthouse_block_export
steelwolf180,Midas
MoonshineSG,spotify.google
letuananh,lelesk
siggb,HackingVigenereCipher
pdu,Project-Euler-Python-Solution
shubh24,lstm_handwriting
SiddeshSambasivam,News-Sentiment-Analysis
SiddeshSambasivam,Air-Control
cotdp,webmon
lechat,devops-python-jenkins
Nasdin,Portfolio_Opt_ML
Nasdin,commit_github_everyday
clarencecastillo,ntu-campusbot
mysbupt,InstagramCrawler
vst,pypara
haoeric,liqiSpider
TheodoreKrypton,fuck_baidu
vanzaj,pyconsg2013-tut
ikaruswill,sg-bus-router
maxis1718,bus-spider
chaitanyabaranwal,spamFilter_svm
weimingwill,fashion-mall-server
hrishioa,Oyente
uprush,druid-satori-demo
ABHINAV112,SkyWriting
DtCarrot,sg-school-data-json
goodmami,wn
yoshall,GeoMAN-Pytorch
yoshall,DeepLGR
PlatyPew,GCTF-challenges
kitsunde,facebook-sdk
djinn,python-duckduckgo
tempbottle,M2Crypto
meton-robean,ICanSeeClearyNow_unofficial
HiiYL,Food-Image-Retrieval-System
ResByte,plant-pathology-2020-fgvc7-pytorch
isovic,marginAlign
Minyus,pipelinex_sklearn
Minyus,kedro_mlflow
Yusufma03,theLight
kmonsoor,str2bool
StevenSLXie,Ask-and-answer
bdqnghi,tbcnn-pytorch
jiayouwyhit,processAminerData
RohanGautam,SquareRoot
wakatara,rofi-org-todo
zhongpeixiang,seq2seq-pytorch
architdate,animedl
gangeshwark,multimodal_feature_extractors
gangeshwark,hierarchical_document_modeling
lch14forever,NGS_scripts
quangounet,kpiece-comparison
Shuailong,Leetcode
gaqzi,py-xmp-tool
hboon,oauth-python-twitter2
perfinion,tfbench
HeroKillerEver,ipvi-dgp
HeroKillerEver,gan_distribution_tutorial
allanj,bidaf_dependency_parsing
jetnew,distance-metric-learning
jetnew,carelytics
alextanhongpin,design-patterns
admond1994,Poisson-Superfish-Analysis
ryanbaxendale,cortana-scripts
dolaameng,Deep-Learning-Papers-Reading-Roadmap
dolaameng,automl
kenrick95,aba-web
liruoteng,RainModel
virgil,gcausality
grassjelly,PythonRobotics
natbusa,ansible-role-centos-jupyterhub
cmiller8,energywise
jin,rules_maven
Lucas170,zipline
IsaacChanghau,DATNet
IsaacChanghau,ConceptualPrimitives
alyssaq,face_verifier
anthonyng2,Deep-Learning-Papers-Reading-Roadmap
shivam5992,DeepFraudDetection
mdda,bist-parser
crownpku,rasa_nlu
anaphaze,ot-tools
urbanfreight,Dimensionality-Reduction
robots-guy,Arduino_Python_programming_for_Robots
zuozhenLib,A-Rule-Engine-based-on-Python
sourced,deploymentmanager-samples
Deans-CMS,deans-deploy
wthdevelopers,wthslack
fivehealth,python-airtable
privacytrustlab,adversarial_bias
zhuailing,GiveMeSomeCredit
travellingsalesmanco,sia_backend
arindomjit,Gesture_Detection_CNN
dehan97,2020-GE-sentiment-analysis
simonjulianl,Langevin_Machine_Learning
currentsapi,microframework-benchmark
PravatSutar,SparkExamples
linqian66,allennlp-0.9.0
DISMGryphons,GryphonCTF2018-Lite-Challenges
smu-libraries,HoldSlipPrinter
zerothphase,CWRU
bigzijing,Geopython-Conference-2018
hirunima,multi-label-classification
PanjunWDevin,Python-OptionPricing-BSandMC
youthinkk,image-retrieval
mikaelfoo,image-super-resolution
nav-nandan,cp-topology-generator
atlanhq,atlan-lineage-airflow
SUTDMEC,TripInference
primasio,tokenbase
CSB5,ViPR2
CSB5,vipr
CSB5,splash
CSB5,misc-scripts
CSB5,decont
zst-ctf,whitehacks-2020-writeups
zst-ctf,tjctf-2019-writeups
zst-ctf,pactf-2018-writeups
zst-ctf,angstromctf-2019-writeups
basisai,aisg-demo
WING-NUS,WING-LDA
WING-NUS,TensorFlow-Tutorials
WING-NUS,deepfigures-open
WING-NUS,Attentive_LSTM_question-answering
OpenSUTD,Code4GreaterGood
icedmilo,pyrmsd
wang-zhe,EMIS-Implementation
jasonchia89,GA_Capstone_Flask
ajlee2006,english-but-worse
RichieLee93,Facial-Expression-Recognition
lahariPoddar,TemporalProgressionMentalHealth-WASSA17
aksbond,Airbnb
peterjrichens,ExportPredictor
kahhongt,LGCP
neurobittechnologies,realtime-sleep-staging
excubiteur,PyMathProg.examples
kohjiaxuan,NLP-Model-for-Corpus-Similarity
tamhd,gec-hybrid
thanhtinhvan,Steel_Defect_Detection
velsarav,behavioral-cloning
joseph-d-p,smart-queue-system
manliu1225,SMM4H
dtyj,eyespy_subdomain
khprasad123,Analogue-Gauge-to-Digital-Converter-OpenCV-python
lukaszlaszko,pysyscall_intercept
gjunyi90,CryptoProject
Blocker226,MinewaysToRenderman
remmyzen,nqs-tensorflow
kaliek,QuestionParser
sachinpawar1990,Tennis-Prediction-Using-Big-Data
sachinpawar1990,Accident-Prediction
sine-over-cosine,sumof3Palindromes
Nikhil-Xavier-DS,Hermes
VinhVu95,Wsgi-Server
SherlockSunset,ECG-Classification
DanielTanTWOfficial,nric-validator
shreyasparbat,opencv-facial-recognition
E666GT,IIWAPYTHON
FloodShao,Visual_SLAM
hxssgaa,BAMnet
crowdgenie,tokenbase
suyashpatni,Fourier-Series
dkleftogi,duplexFiltering
vivekvision,TradingStrategy
6chaoran,nlp
caiyundong,covid19-sea
kubja,autoware-vectormapper
weilheim,Feature-Extraction
bryanseah234,singapore-nric-code
bryanseah234,sgNRIC2003
bryanseah234,english-words-code
devtoohard,AI-Telegram-bot
ysnan,NBD_KerUnc
mollymr305,mnist-autoencoder
ianforme,wechatrobot
gunarto90,SoBA
gunarto90,foursquare-category
FengWu1206,MongoDB_bloomfilter
nrolans,bigrep
harshulgandhi,CSRF-Scanner
alibabadoufu,dynamic_fusion_reimplementation
shanminlin,decline_curve_analysis
heiseish,kt
luofan18,linknet-tensorflow
Joejiong,PyTorch2paddle
Elvenson,midi_picasso
lingdoc,trs2txt
WittgensteinInHisYouth,edX-Machine-Learning-with-Python-From-Linear-Model-to-Deep-Learning
hazmei,EE4210-CA1
aar0u,netease-cached-music
duckness,KRBot
HareIam,Ensemble-Learning
uditsrn28,whatsappbots
phamngocquy,Flask-MonitoringDashboard
vishwarajanand,GiveMeSomeCredit
cumulus13,list
sankhaMukherjee,SEMimageSegmentation
Tonyhao96,LeetCode_EveryDay
FunkeeMonk,file_downloader
chenningg,forest-fire-graphing
ayush--jain,ML
marcuslimdw,toyml
BruttherJOE,JESSICA-SOAR
NatashaKSS,simple-perceptron-text-classification
ianlimle,Engineering-Design-Innovation
s0yabean,twitter_mbti_ml
amanda-wee,python-emarsys
amanda-wee,mailigen-py
tsKenneth,FX-RER-Value-Extraction
aum12,cs224solutions
lemonwaffle,vae-lab
leeweiminsg,stitap-stock-screener
leeweiminsg,homework-help-bot
BPYap,WSD-Evaluator
xiaeryu,SpoTyping-v2.0
vandesa003,anti-deepfake
wenchieh,catchcore
pchankh,awesome-machine-learning
FlankMe,general-CNN-player
damienlancry,gym_torcs
ajsanjoaquin,fast_adversarial
guangzhixie,net-computation-calculator
snguyenthanh,backend-boilerplate-practice
radjkarl,stitcher
radjkarl,diaGrabber
HarshVardhanSh,FACE_FETCH
Eve-ning,reamberPy
leechunhoe,Tailo-TPS-Converter
manojsundaram,cdp-fsi-dataflow
reinaldomaslim,robomasters
RobinSeaside,S4IS
emman27,immutapy
emman27,gitignore
aaronmak,tidy-data-python-example
daizhongxiang,R2-B2
jjasont,forest-fire-PH4505
whklwhkl,WIDER2019_pedestrian_detection
whklwhkl,weight_standarization_patch
cytham,variantbreak
yq314,hidemyass-py
ChenNuode,PhotoSketch
kianhean,coinmarketcap_downloader
yonghaoharry,Crisis-Management-System
pyalex,GraphSAGE
nduytg,autosub
sammmlow,BSK-Scenarios
vishrutmishra,PortscanReport
shanesoh,streamlit-ipgeoloc
chg-hou,CropRotateScannedPhotos
axiomiety,pixfiltrator
arynchoong,Datathon
quietcricket,Wordpress-DB-Migration-Tool
quietcricket,flask-with-glasses
letronje,trakurl
alanwuha,ntucourses
bigbangvn,Mind-Expanding-Books
vinojjayasundara,deepcaps
zxlim,SEP-SigRetriever
zxlim,pivot-tunnel
tramanh06,rpms
e-tinkers,LCD-5110-Raspberry-Library
marxlow,neural-net-pos-tagger
bryancresswell,tournamentResults
thejerrytan,python-data-structures
xamfoo,thumbor-docker
aqiank,circleoflight-old
wangqiang8511,spark-demo
wangqiang8511,JQSelector
wangqiang8511,customized_mantl
ginigangadharan,scripts
deyixtan,fortigate-config-parser
hweiguang,rpi-weatherstation-phat
hweiguang,rpi-rainbowhat
fainyang,NUS-EE5907
pohyk123,emotion-recogniser
davejscott,2019-UNSW-Tsinghua-Data-Science-Competition
im-pek,LDA2Word_Topic_Modelling
yuriyouzhou,KG-fashion-chatbot
zen-juen,AutoCalendar
KunZhou9646,controllable_evc_code
CoderStellaJ,CS3244-ML-Project
Waffleboy,IVLE-EEEE
songshan0321,Image-Labeling-Software
iamzhanghao,ML_Project
iamzhanghao,AI_Projects
0xEval,convnet-nolearn
astraldawn,notepadclone
sloppycoder,mongofts
vietexob,geospatial-python
chitralekha18,CS5228
niparis,backblaze-backup
metabaron,Comics_Python
unknownguy2002,Stalker
doughgle,cryptocracy
doughgle,CloudPVR
mengjiann,pywakealexa
akshatamohanty,udacity-ai-nanodegree
xcTorres,tianchi_diabate
nhanwei,k_clique_percolation_spark
pulkit4tech,Traject
zhouhao27,train-detector
cpfpengfei,Dining-Hall-nCoV-Regulation-Bot
AishikNagar,Alfred---Speech-Assistant
tanyouliang95,FYP_IndoorLocalization
e-kolpakov,study-model
zhiyufan,Machine-Learning
Shaun2h,MiniPyTor
braedon,franz
TenzinCHW,MeowLessons
TenzinCHW,Code4GreaterGood
andompesta,PT_ComEmb
hari-allamraju,pycon-india-2013
rayray1,employee-management-app
nitobuendia,finance-tracker
nitobuendia,asana-custom-component
henryhungle,UniConv
zhixinma,kuaishou
sakaru,peerindex-python2
agravier,pycogmo
thngkaiyuan,simple-dns-proxy
thngkaiyuan,cryptopals
liurui39660,MIDAS.Python
DanielBok,perfana
DanielBok,nlopt-python
JunrQ,NAS
mysqto,gfwlist2dnsmasq
SomeoneDistant,Optical-Flow-Estimation-in-Foggy-Scenes
SomeoneDistant,Face-Swapping-GAN-Pytorch
javaongsan,backlink_checker
MAXI0008,CZ4031-DBMS-Course-Projects
dmitrime,hmm-address-recognition
dmitrime,edx-downloader
yc930401,verification_code_recognition
yc930401,recommendation-engine-using-social-graph
yc930401,natural_language_understanding
yc930401,face_recognition
jhanschoo,HMMTagger
havingfun,TweetSpeaks
NIRVANALAN,face-attribute-prediction
jefferyYu,ESAFN
cs-sun,ray_vs_keras
renhongl,python-tools
geromidg,mood_recognition_svm
whatevergeek,PUGS-SenseHAT-Demo
Allen-Shao,deeprm
Allen-Shao,CZ4041-Machine-Learning
chiayewken,openwebtext_async
ThomasWangWeiHong,Simple-Pansharpening-Algorithms
ThomasWangWeiHong,PanTex-Index
DmitryBe,onnx-serving
Benderx2,athena_bot
edisonljh,hadoop_ftk
steelwolf180,weather_reader
MoonshineSG,OctoPrint-TitleStatus
CT15,Hierarchical-LSTM
zweicoder,1m-customer-prize-challenge
iqDF,tsn-pytorch
iqDF,NTUFaceRecognition
iqDF,Approximated-Rank-Pooling
ardydedase,pycouchbase
naseer2426,Truth-Table-Maker
MJeremy2017,keras-1
SiddeshSambasivam,Six-Degrees
SiddeshSambasivam,MatterIx
sk-aravind,Blockchain_From_Scratch
bchewy,Calculator-Python
blair101,gluon-tutorials-zh
lechat,CouchPotato
lyqht,palico-bot
kanghj,sublime-text-github-search-plugin
jostyee,gocode-subl3
zhanglongqi,Hybrid-Microgrid-WERL
mysbupt,KERN
pyokagan,gyp
fsuarez6,rate_position_controller
frizensami,washingmachine
frizensami,archangel
arjunmann73,Intelligent-Targetting-QLearning
pciang,Machine-Learning
nanahou,LPS_extraction
cmatthewbrooks,r2coderec
donydchen,landmark-tool
donydchen,ActivityManager
yulonglong,SentimentClassifier
yulonglong,HandwrittenCharacterRecognition
melynx,bitblaze_trace
ashivalagar,memeit-prototype
Marsrocky,video_streaming_remote_transfer
Marsrocky,DAFL
turfaa,IndonesianKataBakuChecker
jtanwk,cv-semantic-segmentation
laksh22,ureca-event-detection
ABHINAV112,RubiksCubeSolver
ABHINAV112,ChekhovBot
goodmami,mrs-to-penman
goodmami,disambiguate
hayorov,hippools
meshuga,Shikai
zihangJiang,Mask_Inpainter-
phektus,text-adventure
phektus,guide-to-data-mining-solutions
dondealban,rsgislib
execat,musica
meton-robean,MachineLearningCodeSeg
twangnh,ShuffleNet-prototxt-generator
melvinzhang,yugioh-ai
HiiYL,PiQual-Web
HiiYL,PiQual-Messenger-Bot
HiiYL,Coin-Counting
varunsingh29,ZenPy
wei2912,bce-simulation
Minyus,pipelinex_template
Minyus,pipelinex_causallift
murari023,pytorch-yolo3
rctay,timing-and-estimation-plugin
rctay,satchmo-payment-dumb
rctay,satchmo-anon-checkout
1989Ryan,Digital-Image-Processing-Project
yi-jiayu,FPL
ddddwee1,py_node_graph
ddddwee1,CapsuleNet-implementation
trichimtrich,socks4gui
trichimtrich,pysockssl
trichimtrich,pydis2py
zhanghanduo,batch_pdf_form
HandsomeBrotherShuaiLi,Alibaba_Zero_Shot_Learning_Competition
Wangt-CN,Image-text-matching
Misterhex,phototensorflow
Greenwicher,qmagicformula
Greenwicher,Competitive-Programming
RohanGautam,botui-and-dialogflow
xinan,cryptea
ooibc88,dropout
sahajamit,minikube-github-action-example
sbmaruf,Deep-Learning-Papers-Reading-Roadmap
canhtran,Kaggle-Lung
franklingu,mrt_guide
lch14forever,minion_live_basecall
letientai299,online-judge-notes
sushinoya,too-simple-site-generator
sushinoya,leetcode-downloader
winnerineast,cnn-text-classification-tf-chinese
arjo129,hnsentiment
jinglescode,torchsignal
nth10sd,robobisect
imwithye,Duci
aalind0,Movie_Reviews-Sentiment_Analysis
mitcho,Beehive-MTurk
HeroKillerEver,StarGAN-tensorflow
allanj,entity-recognition-datasets
JSeam2,ShitpostBot2017
JSeam2,CriticalEssayGeneration
jetnew,tsag
alextanhongpin,introduction-to-statistical-learning-dataset
toandaominh1997,transformers
Ayrx,frida-rs-example
niuzhiheng,cudarray
dolaameng,practical_munging_tools
liruoteng,DataAugmentation
rmdort,ChatterBot
jiangzhubo,labeling
jiangzhubo,faster-rcnn
Wuvist,audio-super-res
rish-16,Stock-Prediction
rish-16,Sheet-to-Bot
rish-16,Reverse-Image-Search
rish-16,Quinque
rish-16,knockknock
rish-16,Keras
rish-16,CommandF
rish-16,ChatWithPerson
cedrickchee,baselines
ariefrahmansyah,ecsstemmer
soujanyaporia,personality-detection
soujanyaporia,emocontext_semeval
vdt,emvic
vdt,123456789
grassjelly,DeepLearning.ai-Summary
tlkh,xfmers
mebjas,ml-experiments
cmiller8,DataModelScript
abdulfatir,subKmeans
abdulfatir,IWAE-tensorflow
abdulfatir,capsule-networks-pytorch
lijx10,pytorch_compact_bilinear_pooling
iCHAIT,CS5228-Project-1
jfzhang95,DepthAwareCNN
jamesmawm,tensorflow-image-classifier
experiencor,keras-mobilenet
mdda,relational-networks
eugeneyan,deep-rl
jethrokuan,ranking_algorithms
jethrokuan,esnn
crownpku,share_everything
crownpku,end_to_end_cnn_captcha
